{
    "metrics": {
        "http_req_duration": {
            "avg": 20.789221685337527,
            "min": 0.544933,
            "med": 2.567284,
            "max": 194.105973,
            "p(90)": 89.9218443,
            "p(95)": 96.52308579999999,
            "thresholds": {
                "p(95)<3000": false
            }
        },
        "vus": {
            "max": 15,
            "value": 1,
            "min": 1
        },
        "data_received": {
            "count": 138903456,
            "rate": 289331.7514515594
        },
        "checks": {
            "passes": 30868,
            "fails": 0,
            "value": 1
        },
        "iterations": {
            "rate": 64.29712233946675,
            "count": 30868
        },
        "http_req_duration{expected_response:true}": {
            "p(95)": 96.52308579999999,
            "avg": 20.789221685337527,
            "min": 0.544933,
            "med": 2.567284,
            "max": 194.105973,
            "p(90)": 89.9218443
        },
        "http_req_tls_handshaking": {
            "avg": 0.00847514316876161,
            "min": 0,
            "med": 0,
            "max": 25.605252,
            "p(90)": 0,
            "p(95)": 0
        },
        "http_req_receiving": {
            "p(95)": 0.44751679999999905,
            "avg": 0.15295568017580427,
            "min": 0.02245,
            "med": 0.0894905,
            "max": 24.352719,
            "p(90)": 0.2673977999999999
        },
        "data_sent": {
            "count": 4123734,
            "rate": 8589.614795044012
        },
        "http_req_connecting": {
            "avg": 0.00039679588354714693,
            "min": 0,
            "med": 0,
            "max": 1.428054,
            "p(90)": 0,
            "p(95)": 0
        },
        "http_req_waiting": {
            "min": 0,
            "med": 2.2173904999999996,
            "max": 193.316595,
            "p(90)": 89.59593509999999,
            "p(95)": 96.1264009,
            "avg": 20.473878611755477
        },
        "http_req_failed": {
            "passes": 0,
            "fails": 92604,
            "thresholds": {
                "rate<0.02": false
            },
            "value": 0
        },
        "vus_max": {
            "value": 15,
            "min": 15,
            "max": 15
        },
        "http_req_blocked": {
            "med": 0.000765,
            "max": 88.063977,
            "p(90)": 0.001165,
            "p(95)": 0.001344,
            "avg": 0.011080513131182296,
            "min": 0.000166
        },
        "iteration_duration": {
            "med": 174.526083,
            "max": 326.547995,
            "p(90)": 218.1927684,
            "p(95)": 267.96144284999997,
            "avg": 163.2689699593107,
            "min": 106.498313
        },
        "http_reqs": {
            "rate": 192.89136701840025,
            "count": 92604
        },
        "http_req_sending": {
            "med": 0.0992245,
            "max": 34.506703,
            "p(90)": 0.2690585,
            "p(95)": 0.42847014999999966,
            "avg": 0.16238739340633385,
            "min": 0.035762
        }
    },
    "root_group": {
        "name": "",
        "path": "",
        "id": "d41d8cd98f00b204e9800998ecf8427e",
        "groups": {},
        "checks": {
                "status < 500": {
                    "fails": 0,
                    "name": "status < 500",
                    "path": "::status < 500",
                    "id": "742a39bb408e90b9d42e838ebcdbe518",
                    "passes": 30868
                }
            }
    }
}